username,hashed_password,plaintext_password
Elton_John,a9c43be948c5cabd56ef2bacffb77cdaa5eec49dd5eb0cc4129cf3eda5f0e74c,dragon
Steve_McQueen,7e9da21ee269e317cfa45366522a4a51963194f3349d54902416578cdb83e955,lordoftherings
Steve_O,3dbfc980dc71faf9ce9bb51a91bacd5f7b19a7c2669c9ba9411f6772cf8d9515,tiger123
Bilbo_Baggins,0b04bad57d3b2c6f3736b7cb584f403ecf625cc31c0ad21e19e05a537304e969,raiders
Sauron,0b667ef7964a79c0e0996677e4faa637e828e30539dd5b1372c1b2bd222d4536,Raiders
Pete_Sampras,e4ad93ca07acb8d908a3aa41e920ea4f4ef4f26e7f86cf8291c5db289780a5ae,iloveyou
Jannik_Sinner,3113c9e45ff0b8e19f06e443deaa361cedb08d420b0e63606219cd5881f5fa27,iloveyou2
Andre_Aggasi,026e11cd8bb870386e396d49238de50a8fadbd2110719050e62370377dee4e9d,sniper123
Peter_Andre,45358dd8587f2de278ec7411a560bae78720c13aaa369d0cd95b67715adb445c,johnsmith
John_Howard,c2eb7898bb6771503ffee5d0c722e5b561fe480edbc30141880a1cdf1e5b1cf6,696969
Jerry_Seinfeld,73b5eae901853ac67a03ca3a96de7585eda01c43fc8b9de53d4caa3b44759f21,cleopatra
Serena_Williams,7c167b22bad2f7930f80f42e5355c6592d15b45d828b4139482ccdac02ede552,cashmoney
Margot_Robbie,9fbf261b62c1d7c00db73afb81dd97fdf20b3442e36e338cb9359b856a03bdc8,microsoft
Cate_Blanchett,fcfd075cbe367c158d5cfaa31fa06656a3e68f626388d96ee81b35dda4310b58,butterfly
Nicole_Kidman,8e5b57b7b620900e13dd84aae2390dea0eea199aa7f8d34f47b72824276e93f7,hellokitty
Miranda_Kerr,2befc1408e6b00d26520abfe001ed854adc3d4adff682aea8b06c32fd85e856f,ilovecoffee
